Symbol,Name,数据类型,寄存器,地址,归档,量程,报警类型,报警,函数,函数参数,依赖,DriverID,IOType,GroupID,功能码,字节序
TN_因子编码,因子编码,UINT,WORD,d:8;a:3;r:4096;l:2,TRUE,,NONE,,NONE,,,14,IN,2,,1032
TN_单位,单位,USHORT,WORD,d:8;a:3;r:4098;l:1,TRUE,,NONE,,NONE,,,14,IN,2,,
TN_标样参考值,标样参考值,FLOAT,WORD,d:8;a:3;r:4099;l:2,TRUE,,NONE,,NONE,,,14,IN,2,,1032
TN_水样数据时间,水样数据时间,WDATE,WORD,d:8;a:3;r:4101;l:3,TRUE,,NONE,,NONE,,,14,IN,2,,
TN_水样实测值,水样实测值,FLOAT,WORD,d:8;a:3;r:4104;l:2,TRUE,,NONE,,NONE,,,14,IN,2,,1032
TN_水样数据标识,水样数据标识,STRING,WORD,d:8;a:3;r:4106;l:6,TRUE,,NONE,,NONE,,,14,IN,2,,
TN_标样数据时间,标样数据时间,WDATE,WORD,d:8;a:3;r:4112;l:3,TRUE,,NONE,,NONE,,,14,IN,2,,
TN_标样实测值,标样实测值,FLOAT,WORD,d:8;a:3;r:4115;l:2,TRUE,,NONE,,NONE,,,14,IN,2,,1032
TN_标样数据标识,标样数据标识,STRING,WORD,d:8;a:3;r:4117;l:6,TRUE,,NONE,,NONE,,,14,IN,2,,
TN_空白数据时间,空白数据时间,WDATE,WORD,d:8;a:3;r:4123;l:3,TRUE,,NONE,,NONE,,,14,IN,2,,
TN_空白实测值,空白实测值,FLOAT,WORD,d:8;a:3;r:4126;l:2,TRUE,,NONE,,NONE,,,14,IN,2,,1032
TN_空白数据标识,空白数据标识,STRING,WORD,d:8;a:3;r:4128;l:6,TRUE,,NONE,,NONE,,,14,IN,2,,
TN_零点核查数据时间,零点核查数据时间,WDATE,WORD,d:8;a:3;r:4134;l:3,TRUE,,NONE,,NONE,,,14,IN,2,,
TN_零点核查实测值,零点核查实测值,FLOAT,WORD,d:8;a:3;r:4137;l:2,TRUE,,NONE,,NONE,,,14,IN,2,,1032
TN_零点核查数据标识,零点核查数据标识,STRING,WORD,d:8;a:3;r:4139;l:6,TRUE,,NONE,,NONE,,,14,IN,2,,
TN_跨度核查数据时间,跨度核查数据时间,WDATE,WORD,d:8;a:3;r:4145;l:3,TRUE,,NONE,,NONE,,,14,IN,2,,
TN_跨度核查实测值,跨度核查实测值,FLOAT,WORD,d:8;a:3;r:4148;l:2,TRUE,,NONE,,NONE,,,14,IN,2,,1032
TN_跨度核查数据标识,跨度核查数据标识,STRING,WORD,d:8;a:3;r:4150;l:6,TRUE,,NONE,,NONE,,,14,IN,2,,
TN_加标回收数据时间,加标回收数据时间,WDATE,WORD,d:8;a:3;r:4156;l:3,TRUE,,NONE,,NONE,,,14,IN,2,,
TN_加标回收实测值,加标回收实测值,FLOAT,WORD,d:8;a:3;r:4159;l:2,TRUE,,NONE,,NONE,,,14,IN,2,,1032
TN_加标回收数据标识,加标回收数据标识,STRING,WORD,d:8;a:3;r:4161;l:6,TRUE,,NONE,,NONE,,,14,IN,2,,
TN_平行样数据时间,平行样数据时间,WDATE,WORD,d:8;a:3;r:4167;l:3,TRUE,,NONE,,NONE,,,14,IN,2,,
TN_平行样实测值,平行样实测值,FLOAT,WORD,d:8;a:3;r:4170;l:2,TRUE,,NONE,,NONE,,,14,IN,2,,1032
TN_平行样数据标识,平行样数据标识,STRING,WORD,d:8;a:3;r:4172;l:6,TRUE,,NONE,,NONE,,,14,IN,2,,
TN_系统时间,系统时间,WDATE,WORD,d:8;a:3;r:4224;l:3,TRUE,,NONE,,NONE,,,14,IN,20,,
TN_状态,状态,USHORT,WORD,d:8;a:3;r:4227;l:1,TRUE,,NONE,,NONE,,,14,IN,20,,
TN_测量模式,测量模式,USHORT,WORD,d:8;a:3;r:4228;l:1,TRUE,,NONE,,NONE,,,14,IN,20,,
TN_报警,报警,USHORT,WORD,d:8;a:3;r:4229;l:1,TRUE,,NONE,,NONE,,,14,IN,20,,
TN_故障,故障,USHORT,WORD,d:8;a:3;r:4230;l:1,TRUE,,NONE,,NONE,,,14,IN,20,,
TN_子流程Ext,子流程Ext,USHORT,WORD,d:8;a:3;r:4231;l:1,TRUE,,NONE,,NONE,,,14,IN,20,,
TN_软件版本,软件版本,USHORT,WORD,d:8;a:3;r:4232;l:1,TRUE,,NONE,,NONE,,,14,IN,20,,
TN_测量间隔,测量间隔,USHORT,WORD,d:8;a:3;r:4233;l:1,TRUE,,NONE,,NONE,,,14,IN,20,,
TN_零点核查间隔,零点核查间隔,USHORT,WORD,d:8;a:3;r:4234;l:1,TRUE,,NONE,,NONE,,,14,IN,20,,
TN_跨度核查间隔,跨度核查间隔,USHORT,WORD,d:8;a:3;r:4235;l:1,TRUE,,NONE,,NONE,,,14,IN,20,,
TN_标样核查间隔,标样核查间隔,USHORT,WORD,d:8;a:3;r:4236;l:1,TRUE,,NONE,,NONE,,,14,IN,20,,
TN_消解池实时温度,消解池实时温度,FLOAT,WORD,d:8;a:3;r:4237;l:2,TRUE,,NONE,,NONE,,,14,IN,20,,1032
TN_混样池实时温度,混样池实时温度,FLOAT,WORD,d:8;a:3;r:4239;l:2,TRUE,,NONE,,NONE,,,14,IN,20,,1032
TN_板卡温度,板卡温度,FLOAT,WORD,d:8;a:3;r:4241;l:2,TRUE,,NONE,,NONE,,,14,IN,20,,1032
TN_测量精度,测量精度,USHORT,WORD,d:8;a:3;r:4256;l:1,TRUE,,NONE,,NONE,,,14,IN,200,,
TN_消解温度,消解温度,USHORT,WORD,d:8;a:3;r:4257;l:1,TRUE,,NONE,,NONE,,,14,IN,200,,
TN_消解时长,消解时长,USHORT,WORD,d:8;a:3;r:4258;l:1,TRUE,,NONE,,NONE,,,14,IN,200,,
TN_量程下限,量程下限,FLOAT,WORD,d:8;a:3;r:4259;l:2,TRUE,,NONE,,NONE,,,14,IN,200,,1032
TN_量程上限,量程上限,FLOAT,WORD,d:8;a:3;r:4261;l:2,TRUE,,NONE,,NONE,,,14,IN,200,,1032
TN_曲线斜率k,曲线斜率k,FLOAT,WORD,d:8;a:3;r:4263;l:2,TRUE,,NONE,,NONE,,,14,IN,200,,1032
TN_曲线截距b,曲线截距b,FLOAT,WORD,d:8;a:3;r:4265;l:2,TRUE,,NONE,,NONE,,,14,IN,200,,1032
TN_标定日期,标定日期,WDATE,WORD,d:8;a:3;r:4267;l:3,TRUE,,NONE,,NONE,,,14,IN,200,,
TN_标液一浓度,标液一浓度,FLOAT,WORD,d:8;a:3;r:4270;l:2,TRUE,,NONE,,NONE,,,14,IN,200,,1032
TN_标液一测量过程值,标液一测量过程值,FLOAT,WORD,d:8;a:3;r:4272;l:2,TRUE,,NONE,,NONE,,,14,IN,200,,1032
TN_标液二浓度,标液二浓度,FLOAT,WORD,d:8;a:3;r:4274;l:2,TRUE,,NONE,,NONE,,,14,IN,200,,1032
TN_标液二测量过程值,标液二测量过程值,FLOAT,WORD,d:8;a:3;r:4276;l:2,TRUE,,NONE,,NONE,,,14,IN,200,,1032
TN_标液三浓度,标液三浓度,FLOAT,WORD,d:8;a:3;r:4278;l:2,TRUE,,NONE,,NONE,,,14,IN,200,,1032
TN_标液三测量过程值,标液三测量过程值,FLOAT,WORD,d:8;a:3;r:4280;l:2,TRUE,,NONE,,NONE,,,14,IN,200,,1032
TN_标液四浓度,标液四浓度,FLOAT,WORD,d:8;a:3;r:4282;l:2,TRUE,,NONE,,NONE,,,14,IN,200,,1032
TN_标液四测量过程值,标液四测量过程值,FLOAT,WORD,d:8;a:3;r:4284;l:2,TRUE,,NONE,,NONE,,,14,IN,200,,1032
TN_标液五浓度,标液五浓度,FLOAT,WORD,d:8;a:3;r:4286;l:2,TRUE,,NONE,,NONE,,,14,IN,200,,1032
TN_标液五测量过程值,标液五测量过程值,FLOAT,WORD,d:8;a:3;r:4288;l:2,TRUE,,NONE,,NONE,,,14,IN,200,,1032
TN_线性系数,线性系数,FLOAT,WORD,d:8;a:3;r:4290;l:2,TRUE,,NONE,,NONE,,,14,IN,200,,1032
TN_试剂余量,试剂余量,UINT,WORD,d:8;a:3;r:4292;l:2,TRUE,,NONE,,NONE,,,14,IN,200,,1032
TN_测量滴定值,测量滴定值,FLOAT,WORD,d:8;a:3;r:4294;l:2,TRUE,,NONE,,NONE,,,14,IN,200,,1032
TN_空白校准时间,空白校准时间,WDATE,WORD,d:8;a:3;r:4296;l:3,TRUE,,NONE,,NONE,,,14,IN,200,,
TN_标样校准时间,标样校准时间,WDATE,WORD,d:8;a:3;r:4299;l:3,TRUE,,NONE,,NONE,,,14,IN,200,,
TN_检出限,检出限,FLOAT,WORD,d:8;a:3;r:4302;l:2,TRUE,,NONE,,NONE,,,14,IN,200,,1032
TN_校准系数,校准系数,FLOAT,WORD,d:8;a:3;r:4304;l:2,TRUE,,NONE,,NONE,,,14,IN,200,,1032
TN_设备序列号,设备序列号,STRING,WORD,d:8;a:3;r:4306;l:6,TRUE,,NONE,,SerialNumber,,,14,IN,200,,
TN_二次多项式系数,二次多项式系数,FLOAT,WORD,d:8;a:3;r:4312;l:2,TRUE,,NONE,,NONE,,,14,IN,200,,1032
TN_空白标定过程值,空白标定过程值,FLOAT,WORD,d:8;a:3;r:4314;l:2,TRUE,,NONE,,NONE,,,14,IN,200,,1032
TN_空白校准过程值,空白校准过程值,FLOAT,WORD,d:8;a:3;r:4316;l:2,TRUE,,NONE,,NONE,,,14,IN,200,,1032
TN_标样校准参考值,标样校准参考值,FLOAT,WORD,d:8;a:3;r:4318;l:2,TRUE,,NONE,,NONE,,,14,IN,200,,1032
TN_标样校准过程值,标样校准过程值,FLOAT,WORD,d:8;a:3;r:4320;l:2,TRUE,,NONE,,NONE,,,14,IN,200,,1032
TN_显色温度,显色温度,USHORT,WORD,d:8;a:3;r:4322;l:1,TRUE,,NONE,,NONE,,,14,IN,200,,
TN_显色时间,显示时间,USHORT,WORD,d:8;a:3;r:4323;l:1,TRUE,,NONE,,NONE,,,14,IN,200,,
TN_控制命令,控制命令,USHORT,WORD,d:8;a:4;r:4608;l:1,FALSE,,NONE,,NONE,,,14,OUT,2000,,
TN_参数,参数,BYTES,WORD,d:8;a:4;r:4609;l:8,FALSE,,NONE,,NONE,,,14,OUT,2000,,
TP_因子编码,因子编码,UINT,WORD,d:6;a:3;r:4096;l:2,TRUE,,NONE,,NONE,,,22,IN,1,,1032
TP_单位,单位,USHORT,WORD,d:6;a:3;r:4098;l:1,TRUE,,NONE,,NONE,,,22,IN,1,,
TP_标样参考值,标样参考值,FLOAT,WORD,d:6;a:3;r:4099;l:2,TRUE,,NONE,,NONE,,,22,IN,1,,1032
TP_水样数据时间,水样数据时间,WDATE,WORD,d:6;a:3;r:4101;l:3,TRUE,,NONE,,NONE,,,22,IN,1,,
TP_水样实测值,水样实测值,FLOAT,WORD,d:6;a:3;r:4104;l:2,TRUE,,NONE,,NONE,,,22,IN,1,,1032
TP_水样数据标识,水样数据标识,STRING,WORD,d:6;a:3;r:4106;l:6,TRUE,,NONE,,NONE,,,22,IN,1,,
TP_标样数据时间,标样数据时间,WDATE,WORD,d:6;a:3;r:4112;l:3,TRUE,,NONE,,NONE,,,22,IN,1,,
TP_标样实测值,标样实测值,FLOAT,WORD,d:6;a:3;r:4115;l:2,TRUE,,NONE,,NONE,,,22,IN,1,,1032
TP_标样数据标识,标样数据标识,STRING,WORD,d:6;a:3;r:4117;l:6,TRUE,,NONE,,NONE,,,22,IN,1,,
TP_空白数据时间,空白数据时间,WDATE,WORD,d:6;a:3;r:4123;l:3,TRUE,,NONE,,NONE,,,22,IN,1,,
TP_空白实测值,空白实测值,FLOAT,WORD,d:6;a:3;r:4126;l:2,TRUE,,NONE,,NONE,,,22,IN,1,,1032
TP_空白数据标识,空白数据标识,STRING,WORD,d:6;a:3;r:4128;l:6,TRUE,,NONE,,NONE,,,22,IN,1,,
TP_零点核查数据时间,零点核查数据时间,WDATE,WORD,d:6;a:3;r:4134;l:3,TRUE,,NONE,,NONE,,,22,IN,1,,
TP_零点核查实测值,零点核查实测值,FLOAT,WORD,d:6;a:3;r:4137;l:2,TRUE,,NONE,,NONE,,,22,IN,1,,1032
TP_零点核查数据标识,零点核查数据标识,STRING,WORD,d:6;a:3;r:4139;l:6,TRUE,,NONE,,NONE,,,22,IN,1,,
TP_跨度核查数据时间,跨度核查数据时间,WDATE,WORD,d:6;a:3;r:4145;l:3,TRUE,,NONE,,NONE,,,22,IN,1,,
TP_跨度核查实测值,跨度核查实测值,FLOAT,WORD,d:6;a:3;r:4148;l:2,TRUE,,NONE,,NONE,,,22,IN,1,,1032
TP_跨度核查数据标识,跨度核查数据标识,STRING,WORD,d:6;a:3;r:4150;l:6,TRUE,,NONE,,NONE,,,22,IN,1,,
TP_加标回收数据时间,加标回收数据时间,WDATE,WORD,d:6;a:3;r:4156;l:3,TRUE,,NONE,,NONE,,,22,IN,1,,
TP_加标回收实测值,加标回收实测值,FLOAT,WORD,d:6;a:3;r:4159;l:2,TRUE,,NONE,,NONE,,,22,IN,1,,1032
TP_加标回收数据标识,加标回收数据标识,STRING,WORD,d:6;a:3;r:4161;l:6,TRUE,,NONE,,NONE,,,22,IN,1,,
TP_平行样数据时间,平行样数据时间,WDATE,WORD,d:6;a:3;r:4167;l:3,TRUE,,NONE,,NONE,,,22,IN,1,,
TP_平行样实测值,平行样实测值,FLOAT,WORD,d:6;a:3;r:4170;l:2,TRUE,,NONE,,NONE,,,22,IN,1,,1032
TP_平行样数据标识,平行样数据标识,STRING,WORD,d:6;a:3;r:4172;l:6,TRUE,,NONE,,NONE,,,22,IN,1,,
TP_系统时间,系统时间,WDATE,WORD,d:6;a:3;r:4224;l:3,TRUE,,NONE,,NONE,,,22,IN,10,,
TP_状态,状态,USHORT,WORD,d:6;a:3;r:4227;l:1,TRUE,,NONE,,NONE,,,22,IN,10,,
TP_测量模式,测量模式,USHORT,WORD,d:6;a:3;r:4228;l:1,TRUE,,NONE,,NONE,,,22,IN,10,,
TP_报警,报警,USHORT,WORD,d:6;a:3;r:4229;l:1,TRUE,,NONE,,NONE,,,22,IN,10,,
TP_故障,故障,USHORT,WORD,d:6;a:3;r:4230;l:1,TRUE,,NONE,,NONE,,,22,IN,10,,
TP_子流程Ext,子流程Ext,USHORT,WORD,d:6;a:3;r:4231;l:1,TRUE,,NONE,,NONE,,,22,IN,10,,
TP_软件版本,软件版本,USHORT,WORD,d:6;a:3;r:4232;l:1,TRUE,,NONE,,NONE,,,22,IN,10,,
TP_测量间隔,测量间隔,USHORT,WORD,d:6;a:3;r:4233;l:1,TRUE,,NONE,,NONE,,,22,IN,10,,
TP_零点核查间隔,零点核查间隔,USHORT,WORD,d:6;a:3;r:4234;l:1,TRUE,,NONE,,NONE,,,22,IN,10,,
TP_跨度核查间隔,跨度核查间隔,USHORT,WORD,d:6;a:3;r:4235;l:1,TRUE,,NONE,,NONE,,,22,IN,10,,
TP_标样核查间隔,标样核查间隔,USHORT,WORD,d:6;a:3;r:4236;l:1,TRUE,,NONE,,NONE,,,22,IN,10,,
TP_消解池实时温度,消解池实时温度,FLOAT,WORD,d:6;a:3;r:4237;l:2,TRUE,,NONE,,NONE,,,22,IN,10,,1032
TP_混样池实时温度,混样池实时温度,FLOAT,WORD,d:6;a:3;r:4239;l:2,TRUE,,NONE,,NONE,,,22,IN,10,,1032
TP_板卡温度,板卡温度,FLOAT,WORD,d:6;a:3;r:4241;l:2,TRUE,,NONE,,NONE,,,22,IN,10,,1032
TP_测量精度,测量精度,USHORT,WORD,d:6;a:3;r:4256;l:1,TRUE,,NONE,,NONE,,,22,IN,100,,
TP_消解温度,消解温度,USHORT,WORD,d:6;a:3;r:4257;l:1,TRUE,,NONE,,NONE,,,22,IN,100,,
TP_消解时长,消解时长,USHORT,WORD,d:6;a:3;r:4258;l:1,TRUE,,NONE,,NONE,,,22,IN,100,,
TP_量程下限,量程下限,FLOAT,WORD,d:6;a:3;r:4259;l:2,TRUE,,NONE,,NONE,,,22,IN,100,,1032
TP_量程上限,量程上限,FLOAT,WORD,d:6;a:3;r:4261;l:2,TRUE,,NONE,,NONE,,,22,IN,100,,1032
TP_曲线斜率k,曲线斜率k,FLOAT,WORD,d:6;a:3;r:4263;l:2,TRUE,,NONE,,NONE,,,22,IN,100,,1032
TP_曲线截距b,曲线截距b,FLOAT,WORD,d:6;a:3;r:4265;l:2,TRUE,,NONE,,NONE,,,22,IN,100,,1032
TP_标定日期,标定日期,WDATE,WORD,d:6;a:3;r:4267;l:3,TRUE,,NONE,,NONE,,,22,IN,100,,
TP_标液一浓度,标液一浓度,FLOAT,WORD,d:6;a:3;r:4270;l:2,TRUE,,NONE,,NONE,,,22,IN,100,,1032
TP_标液一测量过程值,标液一测量过程值,FLOAT,WORD,d:6;a:3;r:4272;l:2,TRUE,,NONE,,NONE,,,22,IN,100,,1032
TP_标液二浓度,标液二浓度,FLOAT,WORD,d:6;a:3;r:4274;l:2,TRUE,,NONE,,NONE,,,22,IN,100,,1032
TP_标液二测量过程值,标液二测量过程值,FLOAT,WORD,d:6;a:3;r:4276;l:2,TRUE,,NONE,,NONE,,,22,IN,100,,1032
TP_标液三浓度,标液三浓度,FLOAT,WORD,d:6;a:3;r:4278;l:2,TRUE,,NONE,,NONE,,,22,IN,100,,1032
TP_标液三测量过程值,标液三测量过程值,FLOAT,WORD,d:6;a:3;r:4280;l:2,TRUE,,NONE,,NONE,,,22,IN,100,,1032
TP_标液四浓度,标液四浓度,FLOAT,WORD,d:6;a:3;r:4282;l:2,TRUE,,NONE,,NONE,,,22,IN,100,,1032
TP_标液四测量过程值,标液四测量过程值,FLOAT,WORD,d:6;a:3;r:4284;l:2,TRUE,,NONE,,NONE,,,22,IN,100,,1032
TP_标液五浓度,标液五浓度,FLOAT,WORD,d:6;a:3;r:4286;l:2,TRUE,,NONE,,NONE,,,22,IN,100,,1032
TP_标液五测量过程值,标液五测量过程值,FLOAT,WORD,d:6;a:3;r:4288;l:2,TRUE,,NONE,,NONE,,,22,IN,100,,1032
TP_线性系数,线性系数,FLOAT,WORD,d:6;a:3;r:4290;l:2,TRUE,,NONE,,NONE,,,22,IN,100,,1032
TP_试剂余量,试剂余量,UINT,WORD,d:6;a:3;r:4292;l:2,TRUE,,NONE,,NONE,,,22,IN,100,,1032
TP_测量滴定值,测量滴定值,FLOAT,WORD,d:6;a:3;r:4294;l:2,TRUE,,NONE,,NONE,,,22,IN,100,,1032
TP_空白校准时间,空白校准时间,WDATE,WORD,d:6;a:3;r:4296;l:3,TRUE,,NONE,,NONE,,,22,IN,100,,
TP_标样校准时间,标样校准时间,WDATE,WORD,d:6;a:3;r:4299;l:3,TRUE,,NONE,,NONE,,,22,IN,100,,
TP_检出限,检出限,FLOAT,WORD,d:6;a:3;r:4302;l:2,TRUE,,NONE,,NONE,,,22,IN,100,,1032
TP_校准系数,校准系数,FLOAT,WORD,d:6;a:3;r:4304;l:2,TRUE,,NONE,,NONE,,,22,IN,100,,1032
TP_设备序列号,设备序列号,STRING,WORD,d:6;a:3;r:4306;l:6,TRUE,,NONE,,SerialNumber,,,22,IN,100,,
TP_二次多项式系数,二次多项式系数,FLOAT,WORD,d:6;a:3;r:4312;l:2,TRUE,,NONE,,NONE,,,22,IN,100,,1032
TP_空白标定过程值,空白标定过程值,FLOAT,WORD,d:6;a:3;r:4314;l:2,TRUE,,NONE,,NONE,,,22,IN,100,,1032
TP_空白校准过程值,空白校准过程值,FLOAT,WORD,d:6;a:3;r:4316;l:2,TRUE,,NONE,,NONE,,,22,IN,100,,1032
TP_标样校准参考值,标样校准参考值,FLOAT,WORD,d:6;a:3;r:4318;l:2,TRUE,,NONE,,NONE,,,22,IN,100,,1032
TP_标样校准过程值,标样校准过程值,FLOAT,WORD,d:6;a:3;r:4320;l:2,TRUE,,NONE,,NONE,,,22,IN,100,,1032
TP_显色温度,显色温度,USHORT,WORD,d:6;a:3;r:4322;l:1,TRUE,,NONE,,NONE,,,22,IN,100,,
TP_显色时间,显示时间,USHORT,WORD,d:6;a:3;r:4323;l:1,TRUE,,NONE,,NONE,,,22,IN,100,,
TP_控制命令,控制命令,USHORT,WORD,d:6;a:4;r:4608;l:1,FALSE,,NONE,,NONE,,,22,OUT,1000,,
TP_参数,参数,BYTES,WORD,d:6;a:4;r:4609;l:8,FALSE,,NONE,,NONE,,,22,OUT,1000,,
COD_因子编码,因子编码,UINT,WORD,d:4;a:3;r:4096;l:2,TRUE,,NONE,,NONE,,,19,IN,4,,1032
COD_单位,单位,USHORT,WORD,d:4;a:3;r:4098;l:1,TRUE,,NONE,,NONE,,,19,IN,4,,
COD_标样参考值,标样参考值,FLOAT,WORD,d:4;a:3;r:4099;l:2,TRUE,,NONE,,NONE,,,19,IN,4,,1032
COD_水样数据时间,水样数据时间,WDATE,WORD,d:4;a:3;r:4101;l:3,TRUE,,NONE,,NONE,,,19,IN,4,,
COD_水样实测值,水样实测值,FLOAT,WORD,d:4;a:3;r:4104;l:2,TRUE,,NONE,,NONE,,,19,IN,4,,1032
COD_水样数据标识,水样数据标识,STRING,WORD,d:4;a:3;r:4106;l:6,TRUE,,NONE,,NONE,,,19,IN,4,,
COD_标样数据时间,标样数据时间,WDATE,WORD,d:4;a:3;r:4112;l:3,TRUE,,NONE,,NONE,,,19,IN,4,,
COD_标样实测值,标样实测值,FLOAT,WORD,d:4;a:3;r:4115;l:2,TRUE,,NONE,,NONE,,,19,IN,4,,1032
COD_标样数据标识,标样数据标识,STRING,WORD,d:4;a:3;r:4117;l:6,TRUE,,NONE,,NONE,,,19,IN,4,,
COD_空白数据时间,空白数据时间,WDATE,WORD,d:4;a:3;r:4123;l:3,TRUE,,NONE,,NONE,,,19,IN,4,,
COD_空白实测值,空白实测值,FLOAT,WORD,d:4;a:3;r:4126;l:2,TRUE,,NONE,,NONE,,,19,IN,4,,1032
COD_空白数据标识,空白数据标识,STRING,WORD,d:4;a:3;r:4128;l:6,TRUE,,NONE,,NONE,,,19,IN,4,,
COD_零点核查数据时间,零点核查数据时间,WDATE,WORD,d:4;a:3;r:4134;l:3,TRUE,,NONE,,NONE,,,19,IN,4,,
COD_零点核查实测值,零点核查实测值,FLOAT,WORD,d:4;a:3;r:4137;l:2,TRUE,,NONE,,NONE,,,19,IN,4,,1032
COD_零点核查数据标识,零点核查数据标识,STRING,WORD,d:4;a:3;r:4139;l:6,TRUE,,NONE,,NONE,,,19,IN,4,,
COD_跨度核查数据时间,跨度核查数据时间,WDATE,WORD,d:4;a:3;r:4145;l:3,TRUE,,NONE,,NONE,,,19,IN,4,,
COD_跨度核查实测值,跨度核查实测值,FLOAT,WORD,d:4;a:3;r:4148;l:2,TRUE,,NONE,,NONE,,,19,IN,4,,1032
COD_跨度核查数据标识,跨度核查数据标识,STRING,WORD,d:4;a:3;r:4150;l:6,TRUE,,NONE,,NONE,,,19,IN,4,,
COD_加标回收数据时间,加标回收数据时间,WDATE,WORD,d:4;a:3;r:4156;l:3,TRUE,,NONE,,NONE,,,19,IN,4,,
COD_加标回收实测值,加标回收实测值,FLOAT,WORD,d:4;a:3;r:4159;l:2,TRUE,,NONE,,NONE,,,19,IN,4,,1032
COD_加标回收数据标识,加标回收数据标识,STRING,WORD,d:4;a:3;r:4161;l:6,TRUE,,NONE,,NONE,,,19,IN,4,,
COD_平行样数据时间,平行样数据时间,WDATE,WORD,d:4;a:3;r:4167;l:3,TRUE,,NONE,,NONE,,,19,IN,4,,
COD_平行样实测值,平行样实测值,FLOAT,WORD,d:4;a:3;r:4170;l:2,TRUE,,NONE,,NONE,,,19,IN,4,,1032
COD_平行样数据标识,平行样数据标识,STRING,WORD,d:4;a:3;r:4172;l:6,TRUE,,NONE,,NONE,,,19,IN,4,,
COD_系统时间,系统时间,WDATE,WORD,d:4;a:3;r:4224;l:3,TRUE,,NONE,,NONE,,,19,IN,40,,
COD_状态,状态,USHORT,WORD,d:4;a:3;r:4227;l:1,TRUE,,NONE,,NONE,,,19,IN,40,,
COD_测量模式,测量模式,USHORT,WORD,d:4;a:3;r:4228;l:1,TRUE,,NONE,,NONE,,,19,IN,40,,
COD_报警,报警,USHORT,WORD,d:4;a:3;r:4229;l:1,TRUE,,NONE,,NONE,,,19,IN,40,,
COD_故障,故障,USHORT,WORD,d:4;a:3;r:4230;l:1,TRUE,,NONE,,NONE,,,19,IN,40,,
COD_子流程Ext,子流程Ext,USHORT,WORD,d:4;a:3;r:4231;l:1,TRUE,,NONE,,NONE,,,19,IN,40,,
COD_软件版本,软件版本,USHORT,WORD,d:4;a:3;r:4232;l:1,TRUE,,NONE,,NONE,,,19,IN,40,,
COD_测量间隔,测量间隔,USHORT,WORD,d:4;a:3;r:4233;l:1,TRUE,,NONE,,NONE,,,19,IN,40,,
COD_零点核查间隔,零点核查间隔,USHORT,WORD,d:4;a:3;r:4234;l:1,TRUE,,NONE,,NONE,,,19,IN,40,,
COD_跨度核查间隔,跨度核查间隔,USHORT,WORD,d:4;a:3;r:4235;l:1,TRUE,,NONE,,NONE,,,19,IN,40,,
COD_标样核查间隔,标样核查间隔,USHORT,WORD,d:4;a:3;r:4236;l:1,TRUE,,NONE,,NONE,,,19,IN,40,,
COD_消解池实时温度,消解池实时温度,FLOAT,WORD,d:4;a:3;r:4237;l:2,TRUE,,NONE,,NONE,,,19,IN,40,,1032
COD_混样池实时温度,混样池实时温度,FLOAT,WORD,d:4;a:3;r:4239;l:2,TRUE,,NONE,,NONE,,,19,IN,40,,1032
COD_板卡温度,板卡温度,FLOAT,WORD,d:4;a:3;r:4241;l:2,TRUE,,NONE,,NONE,,,19,IN,40,,1032
COD_测量精度,测量精度,USHORT,WORD,d:4;a:3;r:4256;l:1,TRUE,,NONE,,NONE,,,19,IN,400,,
COD_消解温度,消解温度,USHORT,WORD,d:4;a:3;r:4257;l:1,TRUE,,NONE,,NONE,,,19,IN,400,,
COD_消解时长,消解时长,USHORT,WORD,d:4;a:3;r:4258;l:1,TRUE,,NONE,,NONE,,,19,IN,400,,
COD_量程下限,量程下限,FLOAT,WORD,d:4;a:3;r:4259;l:2,TRUE,,NONE,,NONE,,,19,IN,400,,1032
COD_量程上限,量程上限,FLOAT,WORD,d:4;a:3;r:4261;l:2,TRUE,,NONE,,NONE,,,19,IN,400,,1032
COD_曲线斜率k,曲线斜率k,FLOAT,WORD,d:4;a:3;r:4263;l:2,TRUE,,NONE,,NONE,,,19,IN,400,,1032
COD_曲线截距b,曲线截距b,FLOAT,WORD,d:4;a:3;r:4265;l:2,TRUE,,NONE,,NONE,,,19,IN,400,,1032
COD_标定日期,标定日期,WDATE,WORD,d:4;a:3;r:4267;l:3,TRUE,,NONE,,NONE,,,19,IN,400,,
COD_标液一浓度,标液一浓度,FLOAT,WORD,d:4;a:3;r:4270;l:2,TRUE,,NONE,,NONE,,,19,IN,400,,1032
COD_标液一测量过程值,标液一测量过程值,FLOAT,WORD,d:4;a:3;r:4272;l:2,TRUE,,NONE,,NONE,,,19,IN,400,,1032
COD_标液二浓度,标液二浓度,FLOAT,WORD,d:4;a:3;r:4274;l:2,TRUE,,NONE,,NONE,,,19,IN,400,,1032
COD_标液二测量过程值,标液二测量过程值,FLOAT,WORD,d:4;a:3;r:4276;l:2,TRUE,,NONE,,NONE,,,19,IN,400,,1032
COD_标液三浓度,标液三浓度,FLOAT,WORD,d:4;a:3;r:4278;l:2,TRUE,,NONE,,NONE,,,19,IN,400,,1032
COD_标液三测量过程值,标液三测量过程值,FLOAT,WORD,d:4;a:3;r:4280;l:2,TRUE,,NONE,,NONE,,,19,IN,400,,1032
COD_标液四浓度,标液四浓度,FLOAT,WORD,d:4;a:3;r:4282;l:2,TRUE,,NONE,,NONE,,,19,IN,400,,1032
COD_标液四测量过程值,标液四测量过程值,FLOAT,WORD,d:4;a:3;r:4284;l:2,TRUE,,NONE,,NONE,,,19,IN,400,,1032
COD_标液五浓度,标液五浓度,FLOAT,WORD,d:4;a:3;r:4286;l:2,TRUE,,NONE,,NONE,,,19,IN,400,,1032
COD_标液五测量过程值,标液五测量过程值,FLOAT,WORD,d:4;a:3;r:4288;l:2,TRUE,,NONE,,NONE,,,19,IN,400,,1032
COD_线性系数,线性系数,FLOAT,WORD,d:4;a:3;r:4290;l:2,TRUE,,NONE,,NONE,,,19,IN,400,,1032
COD_试剂余量,试剂余量,UINT,WORD,d:4;a:3;r:4292;l:2,TRUE,,NONE,,NONE,,,19,IN,400,,1032
COD_测量滴定值,测量滴定值,FLOAT,WORD,d:4;a:3;r:4294;l:2,TRUE,,NONE,,NONE,,,19,IN,400,,1032
COD_空白校准时间,空白校准时间,WDATE,WORD,d:4;a:3;r:4296;l:3,TRUE,,NONE,,NONE,,,19,IN,400,,
COD_标样校准时间,标样校准时间,WDATE,WORD,d:4;a:3;r:4299;l:3,TRUE,,NONE,,NONE,,,19,IN,400,,
COD_检出限,检出限,FLOAT,WORD,d:4;a:3;r:4302;l:2,TRUE,,NONE,,NONE,,,19,IN,400,,1032
COD_校准系数,校准系数,FLOAT,WORD,d:4;a:3;r:4304;l:2,TRUE,,NONE,,NONE,,,19,IN,400,,1032
COD_设备序列号,设备序列号,STRING,WORD,d:4;a:3;r:4306;l:6,TRUE,,NONE,,SerialNumber,,,19,IN,400,,
COD_二次多项式系数,二次多项式系数,FLOAT,WORD,d:4;a:3;r:4312;l:2,TRUE,,NONE,,NONE,,,19,IN,400,,1032
COD_空白标定过程值,空白标定过程值,FLOAT,WORD,d:4;a:3;r:4314;l:2,TRUE,,NONE,,NONE,,,19,IN,400,,1032
COD_空白校准过程值,空白校准过程值,FLOAT,WORD,d:4;a:3;r:4316;l:2,TRUE,,NONE,,NONE,,,19,IN,400,,1032
COD_标样校准参考值,标样校准参考值,FLOAT,WORD,d:4;a:3;r:4318;l:2,TRUE,,NONE,,NONE,,,19,IN,400,,1032
COD_标样校准过程值,标样校准过程值,FLOAT,WORD,d:4;a:3;r:4320;l:2,TRUE,,NONE,,NONE,,,19,IN,400,,1032
COD_显色温度,显色温度,USHORT,WORD,d:4;a:3;r:4322;l:1,TRUE,,NONE,,NONE,,,19,IN,400,,
COD_显色时间,显示时间,USHORT,WORD,d:4;a:3;r:4323;l:1,TRUE,,NONE,,NONE,,,19,IN,400,,
COD_控制命令,控制命令,USHORT,WORD,d:4;a:4;r:4608;l:1,FALSE,,NONE,,NONE,,,19,OUT,4000,,
COD_参数,参数,BYTES,WORD,d:4;a:4;r:4609;l:8,FALSE,,NONE,,NONE,,,19,OUT,4000,,
NH3_因子编码,因子编码,UINT,WORD,d:2;a:3;r:4096;l:2,TRUE,,NONE,,NONE,,,20,IN,3,,1032
NH3_单位,单位,USHORT,WORD,d:2;a:3;r:4098;l:1,TRUE,,NONE,,NONE,,,20,IN,3,,
NH3_标样参考值,标样参考值,FLOAT,WORD,d:2;a:3;r:4099;l:2,TRUE,,NONE,,NONE,,,20,IN,3,,1032
NH3_水样数据时间,水样数据时间,WDATE,WORD,d:2;a:3;r:4101;l:3,TRUE,,NONE,,NONE,,,20,IN,3,,
NH3_水样实测值,水样实测值,FLOAT,WORD,d:2;a:3;r:4104;l:2,TRUE,,NONE,,NONE,,,20,IN,3,,1032
NH3_水样数据标识,水样数据标识,STRING,WORD,d:2;a:3;r:4106;l:6,TRUE,,NONE,,NONE,,,20,IN,3,,
NH3_标样数据时间,标样数据时间,WDATE,WORD,d:2;a:3;r:4112;l:3,TRUE,,NONE,,NONE,,,20,IN,3,,
NH3_标样实测值,标样实测值,FLOAT,WORD,d:2;a:3;r:4115;l:2,TRUE,,NONE,,NONE,,,20,IN,3,,1032
NH3_标样数据标识,标样数据标识,STRING,WORD,d:2;a:3;r:4117;l:6,TRUE,,NONE,,NONE,,,20,IN,3,,
NH3_空白数据时间,空白数据时间,WDATE,WORD,d:2;a:3;r:4123;l:3,TRUE,,NONE,,NONE,,,20,IN,3,,
NH3_空白实测值,空白实测值,FLOAT,WORD,d:2;a:3;r:4126;l:2,TRUE,,NONE,,NONE,,,20,IN,3,,1032
NH3_空白数据标识,空白数据标识,STRING,WORD,d:2;a:3;r:4128;l:6,TRUE,,NONE,,NONE,,,20,IN,3,,
NH3_零点核查数据时间,零点核查数据时间,WDATE,WORD,d:2;a:3;r:4134;l:3,TRUE,,NONE,,NONE,,,20,IN,3,,
NH3_零点核查实测值,零点核查实测值,FLOAT,WORD,d:2;a:3;r:4137;l:2,TRUE,,NONE,,NONE,,,20,IN,3,,1032
NH3_零点核查数据标识,零点核查数据标识,STRING,WORD,d:2;a:3;r:4139;l:6,TRUE,,NONE,,NONE,,,20,IN,3,,
NH3_跨度核查数据时间,跨度核查数据时间,WDATE,WORD,d:2;a:3;r:4145;l:3,TRUE,,NONE,,NONE,,,20,IN,3,,
NH3_跨度核查实测值,跨度核查实测值,FLOAT,WORD,d:2;a:3;r:4148;l:2,TRUE,,NONE,,NONE,,,20,IN,3,,1032
NH3_跨度核查数据标识,跨度核查数据标识,STRING,WORD,d:2;a:3;r:4150;l:6,TRUE,,NONE,,NONE,,,20,IN,3,,
NH3_加标回收数据时间,加标回收数据时间,WDATE,WORD,d:2;a:3;r:4156;l:3,TRUE,,NONE,,NONE,,,20,IN,3,,
NH3_加标回收实测值,加标回收实测值,FLOAT,WORD,d:2;a:3;r:4159;l:2,TRUE,,NONE,,NONE,,,20,IN,3,,1032
NH3_加标回收数据标识,加标回收数据标识,STRING,WORD,d:2;a:3;r:4161;l:6,TRUE,,NONE,,NONE,,,20,IN,3,,
NH3_平行样数据时间,平行样数据时间,WDATE,WORD,d:2;a:3;r:4167;l:3,TRUE,,NONE,,NONE,,,20,IN,3,,
NH3_平行样实测值,平行样实测值,FLOAT,WORD,d:2;a:3;r:4170;l:2,TRUE,,NONE,,NONE,,,20,IN,3,,1032
NH3_平行样数据标识,平行样数据标识,STRING,WORD,d:2;a:3;r:4172;l:6,TRUE,,NONE,,NONE,,,20,IN,3,,
NH3_系统时间,系统时间,WDATE,WORD,d:2;a:3;r:4224;l:3,TRUE,,NONE,,NONE,,,20,IN,30,,
NH3_状态,状态,USHORT,WORD,d:2;a:3;r:4227;l:1,TRUE,,NONE,,NONE,,,20,IN,30,,
NH3_测量模式,测量模式,USHORT,WORD,d:2;a:3;r:4228;l:1,TRUE,,NONE,,NONE,,,20,IN,30,,
NH3_报警,报警,USHORT,WORD,d:2;a:3;r:4229;l:1,TRUE,,NONE,,NONE,,,20,IN,30,,
NH3_故障,故障,USHORT,WORD,d:2;a:3;r:4230;l:1,TRUE,,NONE,,NONE,,,20,IN,30,,
NH3_子流程Ext,子流程Ext,USHORT,WORD,d:2;a:3;r:4231;l:1,TRUE,,NONE,,NONE,,,20,IN,30,,
NH3_软件版本,软件版本,USHORT,WORD,d:2;a:3;r:4232;l:1,TRUE,,NONE,,NONE,,,20,IN,30,,
NH3_测量间隔,测量间隔,USHORT,WORD,d:2;a:3;r:4233;l:1,TRUE,,NONE,,NONE,,,20,IN,30,,
NH3_零点核查间隔,零点核查间隔,USHORT,WORD,d:2;a:3;r:4234;l:1,TRUE,,NONE,,NONE,,,20,IN,30,,
NH3_跨度核查间隔,跨度核查间隔,USHORT,WORD,d:2;a:3;r:4235;l:1,TRUE,,NONE,,NONE,,,20,IN,30,,
NH3_标样核查间隔,标样核查间隔,USHORT,WORD,d:2;a:3;r:4236;l:1,TRUE,,NONE,,NONE,,,20,IN,30,,
NH3_消解池实时温度,消解池实时温度,FLOAT,WORD,d:2;a:3;r:4237;l:2,TRUE,,NONE,,NONE,,,20,IN,30,,1032
NH3_混样池实时温度,混样池实时温度,FLOAT,WORD,d:2;a:3;r:4239;l:2,TRUE,,NONE,,NONE,,,20,IN,30,,1032
NH3_板卡温度,板卡温度,FLOAT,WORD,d:2;a:3;r:4241;l:2,TRUE,,NONE,,NONE,,,20,IN,30,,1032
NH3_测量精度,测量精度,USHORT,WORD,d:2;a:3;r:4256;l:1,TRUE,,NONE,,NONE,,,20,IN,300,,
NH3_消解温度,消解温度,USHORT,WORD,d:2;a:3;r:4257;l:1,TRUE,,NONE,,NONE,,,20,IN,300,,
NH3_消解时长,消解时长,USHORT,WORD,d:2;a:3;r:4258;l:1,TRUE,,NONE,,NONE,,,20,IN,300,,
NH3_量程下限,量程下限,FLOAT,WORD,d:2;a:3;r:4259;l:2,TRUE,,NONE,,NONE,,,20,IN,300,,1032
NH3_量程上限,量程上限,FLOAT,WORD,d:2;a:3;r:4261;l:2,TRUE,,NONE,,NONE,,,20,IN,300,,1032
NH3_曲线斜率k,曲线斜率k,FLOAT,WORD,d:2;a:3;r:4263;l:2,TRUE,,NONE,,NONE,,,20,IN,300,,1032
NH3_曲线截距b,曲线截距b,FLOAT,WORD,d:2;a:3;r:4265;l:2,TRUE,,NONE,,NONE,,,20,IN,300,,1032
NH3_标定日期,标定日期,WDATE,WORD,d:2;a:3;r:4267;l:3,TRUE,,NONE,,NONE,,,20,IN,300,,
NH3_标液一浓度,标液一浓度,FLOAT,WORD,d:2;a:3;r:4270;l:2,TRUE,,NONE,,NONE,,,20,IN,300,,1032
NH3_标液一测量过程值,标液一测量过程值,FLOAT,WORD,d:2;a:3;r:4272;l:2,TRUE,,NONE,,NONE,,,20,IN,300,,1032
NH3_标液二浓度,标液二浓度,FLOAT,WORD,d:2;a:3;r:4274;l:2,TRUE,,NONE,,NONE,,,20,IN,300,,1032
NH3_标液二测量过程值,标液二测量过程值,FLOAT,WORD,d:2;a:3;r:4276;l:2,TRUE,,NONE,,NONE,,,20,IN,300,,1032
NH3_标液三浓度,标液三浓度,FLOAT,WORD,d:2;a:3;r:4278;l:2,TRUE,,NONE,,NONE,,,20,IN,300,,1032
NH3_标液三测量过程值,标液三测量过程值,FLOAT,WORD,d:2;a:3;r:4280;l:2,TRUE,,NONE,,NONE,,,20,IN,300,,1032
NH3_标液四浓度,标液四浓度,FLOAT,WORD,d:2;a:3;r:4282;l:2,TRUE,,NONE,,NONE,,,20,IN,300,,1032
NH3_标液四测量过程值,标液四测量过程值,FLOAT,WORD,d:2;a:3;r:4284;l:2,TRUE,,NONE,,NONE,,,20,IN,300,,1032
NH3_标液五浓度,标液五浓度,FLOAT,WORD,d:2;a:3;r:4286;l:2,TRUE,,NONE,,NONE,,,20,IN,300,,1032
NH3_标液五测量过程值,标液五测量过程值,FLOAT,WORD,d:2;a:3;r:4288;l:2,TRUE,,NONE,,NONE,,,20,IN,300,,1032
NH3_线性系数,线性系数,FLOAT,WORD,d:2;a:3;r:4290;l:2,TRUE,,NONE,,NONE,,,20,IN,300,,1032
NH3_试剂余量,试剂余量,UINT,WORD,d:2;a:3;r:4292;l:2,TRUE,,NONE,,NONE,,,20,IN,300,,1032
NH3_测量滴定值,测量滴定值,FLOAT,WORD,d:2;a:3;r:4294;l:2,TRUE,,NONE,,NONE,,,20,IN,300,,1032
NH3_空白校准时间,空白校准时间,WDATE,WORD,d:2;a:3;r:4296;l:3,TRUE,,NONE,,NONE,,,20,IN,300,,
NH3_标样校准时间,标样校准时间,WDATE,WORD,d:2;a:3;r:4299;l:3,TRUE,,NONE,,NONE,,,20,IN,300,,
NH3_检出限,检出限,FLOAT,WORD,d:2;a:3;r:4302;l:2,TRUE,,NONE,,NONE,,,20,IN,300,,1032
NH3_校准系数,校准系数,FLOAT,WORD,d:2;a:3;r:4304;l:2,TRUE,,NONE,,NONE,,,20,IN,300,,1032
NH3_设备序列号,设备序列号,STRING,WORD,d:2;a:3;r:4306;l:6,TRUE,,NONE,,SerialNumber,,,20,IN,300,,
NH3_二次多项式系数,二次多项式系数,FLOAT,WORD,d:2;a:3;r:4312;l:2,TRUE,,NONE,,NONE,,,20,IN,300,,1032
NH3_空白标定过程值,空白标定过程值,FLOAT,WORD,d:2;a:3;r:4314;l:2,TRUE,,NONE,,NONE,,,20,IN,300,,1032
NH3_空白校准过程值,空白校准过程值,FLOAT,WORD,d:2;a:3;r:4316;l:2,TRUE,,NONE,,NONE,,,20,IN,300,,1032
NH3_标样校准参考值,标样校准参考值,FLOAT,WORD,d:2;a:3;r:4318;l:2,TRUE,,NONE,,NONE,,,20,IN,300,,1032
NH3_标样校准过程值,标样校准过程值,FLOAT,WORD,d:2;a:3;r:4320;l:2,TRUE,,NONE,,NONE,,,20,IN,300,,1032
NH3_显色温度,显色温度,USHORT,WORD,d:2;a:3;r:4322;l:1,TRUE,,NONE,,NONE,,,20,IN,300,,
NH3_显色时间,显示时间,USHORT,WORD,d:2;a:3;r:4323;l:1,TRUE,,NONE,,NONE,,,20,IN,300,,
NH3_控制命令,控制命令,USHORT,WORD,d:2;a:4;r:4608;l:1,FALSE,,NONE,,NONE,,,20,OUT,3000,,
NH3_参数,参数,BYTES,WORD,d:2;a:4;r:4609;l:8,FALSE,,NONE,,NONE,,,20,OUT,3000,,
CODCR_因子编码,因子编码,UINT,WORD,d:10;a:3;r:4096;l:2,TRUE,,NONE,,NONE,,,19,IN,5,,1032
CODCR_单位,单位,USHORT,WORD,d:10;a:3;r:4098;l:1,TRUE,,NONE,,NONE,,,19,IN,5,,
CODCR_标样参考值,标样参考值,FLOAT,WORD,d:10;a:3;r:4099;l:2,TRUE,,NONE,,NONE,,,19,IN,5,,1032
CODCR_水样数据时间,水样数据时间,WDATE,WORD,d:10;a:3;r:4101;l:3,TRUE,,NONE,,NONE,,,19,IN,5,,
CODCR_水样实测值,水样实测值,FLOAT,WORD,d:10;a:3;r:4104;l:2,TRUE,,NONE,,NONE,,,19,IN,5,,1032
CODCR_水样数据标识,水样数据标识,STRING,WORD,d:10;a:3;r:4106;l:6,TRUE,,NONE,,NONE,,,19,IN,5,,
CODCR_标样数据时间,标样数据时间,WDATE,WORD,d:10;a:3;r:4112;l:3,TRUE,,NONE,,NONE,,,19,IN,5,,
CODCR_标样实测值,标样实测值,FLOAT,WORD,d:10;a:3;r:4115;l:2,TRUE,,NONE,,NONE,,,19,IN,5,,1032
CODCR_标样数据标识,标样数据标识,STRING,WORD,d:10;a:3;r:4117;l:6,TRUE,,NONE,,NONE,,,19,IN,5,,
CODCR_空白数据时间,空白数据时间,WDATE,WORD,d:10;a:3;r:4123;l:3,TRUE,,NONE,,NONE,,,19,IN,5,,
CODCR_空白实测值,空白实测值,FLOAT,WORD,d:10;a:3;r:4126;l:2,TRUE,,NONE,,NONE,,,19,IN,5,,1032
CODCR_空白数据标识,空白数据标识,STRING,WORD,d:10;a:3;r:4128;l:6,TRUE,,NONE,,NONE,,,19,IN,5,,
CODCR_零点核查数据时间,零点核查数据时间,WDATE,WORD,d:10;a:3;r:4134;l:3,TRUE,,NONE,,NONE,,,19,IN,5,,
CODCR_零点核查实测值,零点核查实测值,FLOAT,WORD,d:10;a:3;r:4137;l:2,TRUE,,NONE,,NONE,,,19,IN,5,,1032
CODCR_零点核查数据标识,零点核查数据标识,STRING,WORD,d:10;a:3;r:4139;l:6,TRUE,,NONE,,NONE,,,19,IN,5,,
CODCR_跨度核查数据时间,跨度核查数据时间,WDATE,WORD,d:10;a:3;r:4145;l:3,TRUE,,NONE,,NONE,,,19,IN,5,,
CODCR_跨度核查实测值,跨度核查实测值,FLOAT,WORD,d:10;a:3;r:4148;l:2,TRUE,,NONE,,NONE,,,19,IN,5,,1032
CODCR_跨度核查数据标识,跨度核查数据标识,STRING,WORD,d:10;a:3;r:4150;l:6,TRUE,,NONE,,NONE,,,19,IN,5,,
CODCR_加标回收数据时间,加标回收数据时间,WDATE,WORD,d:10;a:3;r:4156;l:3,TRUE,,NONE,,NONE,,,19,IN,5,,
CODCR_加标回收实测值,加标回收实测值,FLOAT,WORD,d:10;a:3;r:4159;l:2,TRUE,,NONE,,NONE,,,19,IN,5,,1032
CODCR_加标回收数据标识,加标回收数据标识,STRING,WORD,d:10;a:3;r:4161;l:6,TRUE,,NONE,,NONE,,,19,IN,5,,
CODCR_平行样数据时间,平行样数据时间,WDATE,WORD,d:10;a:3;r:4167;l:3,TRUE,,NONE,,NONE,,,19,IN,5,,
CODCR_平行样实测值,平行样实测值,FLOAT,WORD,d:10;a:3;r:4170;l:2,TRUE,,NONE,,NONE,,,19,IN,5,,1032
CODCR_平行样数据标识,平行样数据标识,STRING,WORD,d:10;a:3;r:4172;l:6,TRUE,,NONE,,NONE,,,19,IN,5,,
CODCR_系统时间,系统时间,WDATE,WORD,d:10;a:3;r:4224;l:3,TRUE,,NONE,,NONE,,,19,IN,50,,
CODCR_状态,状态,USHORT,WORD,d:10;a:3;r:4227;l:1,TRUE,,NONE,,NONE,,,19,IN,50,,
CODCR_测量模式,测量模式,USHORT,WORD,d:10;a:3;r:4228;l:1,TRUE,,NONE,,NONE,,,19,IN,50,,
CODCR_报警,报警,USHORT,WORD,d:10;a:3;r:4229;l:1,TRUE,,NONE,,NONE,,,19,IN,50,,
CODCR_故障,故障,USHORT,WORD,d:10;a:3;r:4230;l:1,TRUE,,NONE,,NONE,,,19,IN,50,,
CODCR_子流程Ext,子流程Ext,USHORT,WORD,d:10;a:3;r:4231;l:1,TRUE,,NONE,,NONE,,,19,IN,50,,
CODCR_软件版本,软件版本,USHORT,WORD,d:10;a:3;r:4232;l:1,TRUE,,NONE,,NONE,,,19,IN,50,,
CODCR_测量间隔,测量间隔,USHORT,WORD,d:10;a:3;r:4233;l:1,TRUE,,NONE,,NONE,,,19,IN,50,,
CODCR_零点核查间隔,零点核查间隔,USHORT,WORD,d:10;a:3;r:4234;l:1,TRUE,,NONE,,NONE,,,19,IN,50,,
CODCR_跨度核查间隔,跨度核查间隔,USHORT,WORD,d:10;a:3;r:4235;l:1,TRUE,,NONE,,NONE,,,19,IN,50,,
CODCR_标样核查间隔,标样核查间隔,USHORT,WORD,d:10;a:3;r:4236;l:1,TRUE,,NONE,,NONE,,,19,IN,50,,
CODCR_消解池实时温度,消解池实时温度,FLOAT,WORD,d:10;a:3;r:4237;l:2,TRUE,,NONE,,NONE,,,19,IN,50,,1032
CODCR_混样池实时温度,混样池实时温度,FLOAT,WORD,d:10;a:3;r:4239;l:2,TRUE,,NONE,,NONE,,,19,IN,50,,1032
CODCR_板卡温度,板卡温度,FLOAT,WORD,d:10;a:3;r:4241;l:2,TRUE,,NONE,,NONE,,,19,IN,50,,1032
CODCR_测量精度,测量精度,USHORT,WORD,d:10;a:3;r:4256;l:1,TRUE,,NONE,,NONE,,,19,IN,500,,
CODCR_消解温度,消解温度,USHORT,WORD,d:10;a:3;r:4257;l:1,TRUE,,NONE,,NONE,,,19,IN,500,,
CODCR_消解时长,消解时长,USHORT,WORD,d:10;a:3;r:4258;l:1,TRUE,,NONE,,NONE,,,19,IN,500,,
CODCR_量程下限,量程下限,FLOAT,WORD,d:10;a:3;r:4259;l:2,TRUE,,NONE,,NONE,,,19,IN,500,,1032
CODCR_量程上限,量程上限,FLOAT,WORD,d:10;a:3;r:4261;l:2,TRUE,,NONE,,NONE,,,19,IN,500,,1032
CODCR_曲线斜率k,曲线斜率k,FLOAT,WORD,d:10;a:3;r:4263;l:2,TRUE,,NONE,,NONE,,,19,IN,500,,1032
CODCR_曲线截距b,曲线截距b,FLOAT,WORD,d:10;a:3;r:4265;l:2,TRUE,,NONE,,NONE,,,19,IN,500,,1032
CODCR_标定日期,标定日期,WDATE,WORD,d:10;a:3;r:4267;l:3,TRUE,,NONE,,NONE,,,19,IN,500,,
CODCR_标液一浓度,标液一浓度,FLOAT,WORD,d:10;a:3;r:4270;l:2,TRUE,,NONE,,NONE,,,19,IN,500,,1032
CODCR_标液一测量过程值,标液一测量过程值,FLOAT,WORD,d:10;a:3;r:4272;l:2,TRUE,,NONE,,NONE,,,19,IN,500,,1032
CODCR_标液二浓度,标液二浓度,FLOAT,WORD,d:10;a:3;r:4274;l:2,TRUE,,NONE,,NONE,,,19,IN,500,,1032
CODCR_标液二测量过程值,标液二测量过程值,FLOAT,WORD,d:10;a:3;r:4276;l:2,TRUE,,NONE,,NONE,,,19,IN,500,,1032
CODCR_标液三浓度,标液三浓度,FLOAT,WORD,d:10;a:3;r:4278;l:2,TRUE,,NONE,,NONE,,,19,IN,500,,1032
CODCR_标液三测量过程值,标液三测量过程值,FLOAT,WORD,d:10;a:3;r:4280;l:2,TRUE,,NONE,,NONE,,,19,IN,500,,1032
CODCR_标液四浓度,标液四浓度,FLOAT,WORD,d:10;a:3;r:4282;l:2,TRUE,,NONE,,NONE,,,19,IN,500,,1032
CODCR_标液四测量过程值,标液四测量过程值,FLOAT,WORD,d:10;a:3;r:4284;l:2,TRUE,,NONE,,NONE,,,19,IN,500,,1032
CODCR_标液五浓度,标液五浓度,FLOAT,WORD,d:10;a:3;r:4286;l:2,TRUE,,NONE,,NONE,,,19,IN,500,,1032
CODCR_标液五测量过程值,标液五测量过程值,FLOAT,WORD,d:10;a:3;r:4288;l:2,TRUE,,NONE,,NONE,,,19,IN,500,,1032
CODCR_线性系数,线性系数,FLOAT,WORD,d:10;a:3;r:4290;l:2,TRUE,,NONE,,NONE,,,19,IN,500,,1032
CODCR_试剂余量,试剂余量,UINT,WORD,d:10;a:3;r:4292;l:2,TRUE,,NONE,,NONE,,,19,IN,500,,1032
CODCR_测量滴定值,测量滴定值,FLOAT,WORD,d:10;a:3;r:4294;l:2,TRUE,,NONE,,NONE,,,19,IN,500,,1032
CODCR_空白校准时间,空白校准时间,WDATE,WORD,d:10;a:3;r:4296;l:3,TRUE,,NONE,,NONE,,,19,IN,500,,
CODCR_标样校准时间,标样校准时间,WDATE,WORD,d:10;a:3;r:4299;l:3,TRUE,,NONE,,NONE,,,19,IN,500,,
CODCR_检出限,检出限,FLOAT,WORD,d:10;a:3;r:4302;l:2,TRUE,,NONE,,NONE,,,19,IN,500,,1032
CODCR_校准系数,校准系数,FLOAT,WORD,d:10;a:3;r:4304;l:2,TRUE,,NONE,,NONE,,,19,IN,500,,1032
CODCR_设备序列号,设备序列号,STRING,WORD,d:10;a:3;r:4306;l:6,TRUE,,NONE,,SerialNumber,,,19,IN,500,,
CODCR_二次多项式系数,二次多项式系数,FLOAT,WORD,d:10;a:3;r:4312;l:2,TRUE,,NONE,,NONE,,,19,IN,500,,1032
CODCR_空白标定过程值,空白标定过程值,FLOAT,WORD,d:10;a:3;r:4314;l:2,TRUE,,NONE,,NONE,,,19,IN,500,,1032
CODCR_空白校准过程值,空白校准过程值,FLOAT,WORD,d:10;a:3;r:4316;l:2,TRUE,,NONE,,NONE,,,19,IN,500,,1032
CODCR_标样校准参考值,标样校准参考值,FLOAT,WORD,d:10;a:3;r:4318;l:2,TRUE,,NONE,,NONE,,,19,IN,500,,1032
CODCR_标样校准过程值,标样校准过程值,FLOAT,WORD,d:10;a:3;r:4320;l:2,TRUE,,NONE,,NONE,,,19,IN,500,,1032
CODCR_显色温度,显色温度,USHORT,WORD,d:10;a:3;r:4322;l:1,TRUE,,NONE,,NONE,,,19,IN,500,,
CODCR_显色时间,显示时间,USHORT,WORD,d:10;a:3;r:4323;l:1,TRUE,,NONE,,NONE,,,19,IN,500,,
CODCR_控制命令,控制命令,USHORT,WORD,d:10;a:4;r:4608;l:1,FALSE,,NONE,,NONE,,,19,OUT,5000,,
CODCR_参数,参数,BYTES,WORD,d:10;a:4;r:4609;l:8,FALSE,,NONE,,NONE,,,19,OUT,5000,,